44,01,Residential,0,3,46,10
44,0113,Leeds,0,3,46,10
44,0114,Sheffield,0,3,46,10
44,0115,Nottingham,0,3,46,10
44,0116,Leicester,0,3,46,10
44,0117,Bristol,0,3,46,10
44,0118,Reading,0,3,46,10
44,0121,Birmingham,0,3,46,10
44,0131,Edinburgh,0,3,46,10
44,0141,Glasgow,0,3,46,10
44,0151,Liverpool,0,3,46,10
44,0161,Manchester,0,3,46,10
44,0171,London,0,3,46,10
44,0181,London,0,3,46,10
44,0191,Tyne and Wear/Durham,0,3,46,10
44,02,Residential,0,3,46,10
44,020,London,0,3,46,10
44,023,Southhapton & Portsmouth,0,3,46,10
44,024,Coventry,0,3,46,10
44,028,Northern Ireland,0,3,46,10
44,029,Cardiff,0,3,46,10
44,03,Mobile,0,3,46,10
44,04,Reserved,0,3,46,10
44,05,Corportate,0,3,46,10
44,06,Reserved,0,3,46,10
44,070,Personal,0,3,46,10
44,071,Personal,0,3,46,10
44,072,Personal,0,3,46,10
44,073,Personal,0,3,46,10
44,074,Personal,0,3,46,10
44,075,Mobile,0,3,46,10
44,076,Mobile,0,3,46,10
44,077,Mobile,0,3,46,10
44,078,Mobile,0,3,46,10
44,079,Mobile,0,3,46,10
44,08,Special Rate,0,3,46,10
44,09,Premium Rate,0,3,46,10
44,1200,Clitheroe,0,3,46,10
44,1201,unused ,0,3,46,10
44,1202,Bournemouth,0,3,46,10
44,1203,unused ,0,3,46,10
44,1204,Bolton,0,3,46,10
44,1205,Boston,0,3,46,10
44,1206,Colchester,0,3,46,10
44,1207,Consett,0,3,46,10
44,1208,Bodmin,0,3,46,10
44,1209,Redruth/Cornwall,0,3,46,10
44,1220,unused ,0,3,46,10
44,1221,unused ,0,3,46,10
44,1222,unused ,0,3,46,10
44,1223,Cambridge ,0,3,46,10
44,1224,Aberdeen,0,3,46,10
44,1225,Bath ,0,3,46,10
44,1226,Barnsley,0,3,46,10
44,1227,Canterbury,0,3,46,10
44,1228,Carlisle,0,3,46,10
44,1229,Barrow-in-Furness,0,3,46,10
44,1230,unused ,0,3,46,10
44,1231,unused ,0,3,46,10
44,1232,unused ,0,3,46,10
44,1233,Ashford,0,3,46,10
44,1234,Bedford,0,3,46,10
44,1235,Abingdon,0,3,46,10
44,1236,Coatbridge,0,3,46,10
44,1237,Bideford,0,3,46,10
44,1238,unused,0,3,46,10
44,1239,Cardigan ,0,3,46,10
44,1240,unused ,0,3,46,10
44,1241,Arbroath,0,3,46,10
44,1242,Cheltenham,0,3,46,10
44,1243,Chichester/West Sussex,0,3,46,10
44,1244,Chester,0,3,46,10
44,1245,Chelmsford,0,3,46,10
44,1246,Chesterfield ,0,3,46,10
44,1247,unused ,0,3,46,10
44,1248,Bangor/Wales,0,3,46,10
44,1249,Chippenham ,0,3,46,10
44,1250,Blairgowrie,0,3,46,10
44,1251,unused ,0,3,46,10
44,1252,Aldershot,0,3,46,10
44,1253,Blackpool,0,3,46,10
44,1254,Blackburn,0,3,46,10
44,1255,Clacton on Sea,0,3,46,10
44,1256,Basingstoke,0,3,46,10
44,1257,Chorley,0,3,46,10
44,1258,Blandford,0,3,46,10
44,1259,Alloa,0,3,46,10
44,1260,Congleton,0,3,46,10
44,1261,Banff,0,3,46,10
44,1262,Bridlington,0,3,46,10
44,1263,Cromer,0,3,46,10
44,1264,Andover,0,3,46,10
44,1265,unused ,0,3,46,10
44,1266,unused ,0,3,46,10
44,1267,Carmarthen,0,3,46,10
44,1268,Basildon,0,3,46,10
44,1269,Ammanford,0,3,46,10
44,1270,Crewe,0,3,46,10
44,1271,Barnstaple,0,3,46,10
44,1272,unused ,0,3,46,10
44,1273,Brighton,0,3,46,10
44,1274,Bradford,0,3,46,10
44,1275,Clevedon/Bristol,0,3,46,10
44,1276,Camberley,0,3,46,10
44,1277,Brentwood,0,3,46,10
44,1278,Bridgwater,0,3,46,10
44,1279,Bishop's Stortford,0,3,46,10
44,1280,Buckingham,0,3,46,10
44,1281,unused ,0,3,46,10
44,1282,Burnley/BU ,0,3,46,10
44,1283,Burton upon Trent,0,3,46,10
44,1284,Bury St. Edmunds,0,3,46,10
44,1285,Cirencester,0,3,46,10
44,1286,Caernarfon,0,3,46,10
44,1287,Guisborough,0,3,46,10
44,1288,Bude,0,3,46,10
44,1289,Berwick on Tweed,0,3,46,10
44,1290,Cumnock/Ayrshire,0,3,46,10
44,1291,Chepstow,0,3,46,10
44,1292,Ayr,0,3,46,10
44,1293,Crawley,0,3,46,10
44,1294,Ardrossan/Ayrshire,0,3,46,10
44,1295,Banbury,0,3,46,10
44,1296,Aylesbury,0,3,46,10
44,1297,Axminster,0,3,46,10
44,1298,Buxton,0,3,46,10
44,1299,Bewdley,0,3,46,10
44,1300,Cerne Abbas/Dorset,0,3,46,10
44,1301,Arrochar ,0,3,46,10
44,1302,Doncaster,0,3,46,10
44,1303,Folkestone,0,3,46,10
44,1304,Dover ,0,3,46,10
44,1305,Dorchester,0,3,46,10
44,1306,Dorking,0,3,46,10
44,1307,Forfar,0,3,46,10
44,1308,Bridport/Dorset,0,3,46,10
44,1309,Forres,0,3,46,10
44,1320,Fort Augustus,0,3,46,10
44,1321,unused ,0,3,46,10
44,1322,Dartford,0,3,46,10
44,1323,Eastbourne,0,3,46,10
44,1324,Falkirk ,0,3,46,10
44,1325,Darlington,0,3,46,10
44,1326,Falmouth,0,3,46,10
44,1327,Daventry,0,3,46,10
44,1328,Fakenham,0,3,46,10
44,1329,Fareham,0,3,46,10
44,1330,Banchory/Deeside,0,3,46,10
44,1331,unused ,0,3,46,10
44,1332,Derby,0,3,46,10
44,1333,Peat Inn/Fife,0,3,46,10
44,1334,St Andrews/Fife,0,3,46,10
44,1335,Ashbourne,0,3,46,10
44,1336,unused,0,3,46,10
44,1337,Ladybank/Fife,0,3,46,10
44,1338,unused ,0,3,46,10
44,1339,Aboyne and Ballater/Deeside,0,3,46,10
44,1340,Craigellachie/Elgin,0,3,46,10
44,1341,Barmouth/Dolgellau,0,3,46,10
44,1342,East Grinstead ,0,3,46,10
44,1343,Elgin ,0,3,46,10
44,1344,Bracknell/Easthampstead ,0,3,46,10
44,1345,unused ,0,3,46,10
44,1346,Fraserburgh,0,3,46,10
44,1347,Easingwold,0,3,46,10
44,1348,Fishguard,0,3,46,10
44,1349,Dingwall,0,3,46,10
44,1350,Dunkeld,0,3,46,10
44,1351,unused ,0,3,46,10
44,1352,Mold/Flint,0,3,46,10
44,1353,Ely,0,3,46,10
44,1354,March/Cambridgeshire/Fenland,0,3,46,10
44,1355,East Kilbride,0,3,46,10
44,1356,Brechin/Edzell,0,3,46,10
44,1357,Strathaven/East Kilbride,0,3,46,10
44,1358,Ellon,0,3,46,10
44,1359,Pakenham/Elmswell,0,3,46,10
44,1360,Killearn/Drymen,0,3,46,10
44,1361,Duns,0,3,46,10
44,1362,Dereham,0,3,46,10
44,1363,Crediton,0,3,46,10
44,1364,Ashburton/Devon,0,3,46,10
44,1365,unused ,0,3,46,10
44,1366,Downham Market ,0,3,46,10
44,1367,Faringdon ,0,3,46,10
44,1368,Dunbar,0,3,46,10
44,1369,Dunoon,0,3,46,10
44,1370,unused ,0,3,46,10
44,1371,Great Dunmow/Essex,0,3,46,10
44,1372,Epsom ,0,3,46,10
44,1373,Frome,0,3,46,10
44,1374,unused ,0,3,46,10
44,1375,Grays Thurrock/Essex,0,3,46,10
44,1376,Braintree/Essex,0,3,46,10
44,1377,Driffield,0,3,46,10
44,1378,unused ,0,3,46,10
44,1379,Diss,0,3,46,10
44,1380,Devizes,0,3,46,10
44,1381,Fortrose,0,3,46,10
44,1382,Dundee,0,3,46,10
44,1383,Dunfermline,0,3,46,10
44,1384,Dudley ,0,3,46,10
44,1385,unused ,0,3,46,10
44,1386,Evesham ,0,3,46,10
44,1387,Dumfries,0,3,46,10
44,13873,Langholm ,0,3,46,10
44,1388,Bishop Auckland/Durham,0,3,46,10
44,1389,Dumbarton,0,3,46,10
44,1390,unused ,0,3,46,10
44,1391,unused ,0,3,46,10
44,1392,Exeter,0,3,46,10
44,1393,unused ,0,3,46,10
44,1394,Felixstowe,0,3,46,10
44,1395,Budleigh Salterton/Exmouth,0,3,46,10
44,1396,unused ,0,3,46,10
44,1397,Fort William,0,3,46,10
44,1398,Dulverton/Exmoor,0,3,46,10
44,1399,unused,0,3,46,10
44,1400,Honington,0,3,46,10
44,1401,unused ,0,3,46,10
44,1402,unused ,0,3,46,10
44,1403,Horsham,0,3,46,10
44,1404,Honiton,0,3,46,10
44,1405,Goole,0,3,46,10
44,1406,Holbeach,0,3,46,10
44,1407,Holyhead,0,3,46,10
44,1408,Golspie,0,3,46,10
44,1409,Holsworthy,0,3,46,10
44,1410,unused ,0,3,46,10
44,1411,unused ,0,3,46,10
44,1420,Alton,0,3,46,10
44,1421,unused ,0,3,46,10
44,1422,Halifax,0,3,46,10
44,1423,Boroughbridge/Harrogate,0,3,46,10
44,1424,Hastings,0,3,46,10
44,1425,Ringwood/Highcliffe/New Milton/Ashley,0,3,46,10
44,1427,Gainsborough,0,3,46,10
44,1428,Haslemere,0,3,46,10
44,1429,Hartlepool,0,3,46,10
44,1430,Market Weighton and North Cave/Howden,0,3,46,10
44,1431,Helmsdale,0,3,46,10
44,1432,Hereford,0,3,46,10
44,1433,Hathersage,0,3,46,10
44,1434,Bellingham/Haltwhistle and Hexham,0,3,46,10
44,1435,Heathfield,0,3,46,10
44,1436,Helensburgh,0,3,46,10
44,1437,Clynderwen/Haverfordwest,0,3,46,10
44,1438,Stevenage/Hertfordshire,0,3,46,10
44,1439,Helmsley,0,3,46,10
44,1440,Haverhill,0,3,46,10
44,1441,unused ,0,3,46,10
44,1442,Hemel Hempstead,0,3,46,10
44,1443,Pontypridd/Glamorgan,0,3,46,10
44,1444,Haywards Heath,0,3,46,10
44,1445,Gairloch,0,3,46,10
44,1446,Barry/Glamorgan,0,3,46,10
44,1447,unused ,0,3,46,10
44,1448,unused ,0,3,46,10
44,1449,Stowmarket/Gipping,0,3,46,10
44,1450,Hawick,0,3,46,10
44,1451,Stow-on-the-Wold/Gloucestershire,0,3,46,10
44,1452,Gloucester,0,3,46,10
44,1453,Dursley/Gloucestershire,0,3,46,10
44,1454,Chipping Sodbury/Gloucestershire,0,3,46,10
44,1455,Hinckley,0,3,46,10
44,1456,Glenurquhart,0,3,46,10
44,1457,Glossop,0,3,46,10
44,1458,Glastonbury,0,3,46,10
44,1459,unused ,0,3,46,10
44,1460,Chard/Ilminster,0,3,46,10
44,1461,Gretna,0,3,46,10
44,1462,Hitchin,0,3,46,10
44,1463,Inverness,0,3,46,10
44,1464,Insch,0,3,46,10
44,1465,Girvan,0,3,46,10
44,1466,Huntly,0,3,46,10
44,1467,Inverurie,0,3,46,10
44,1468,unused ,0,3,46,10
44,1469,Killingholme/Immingham,0,3,46,10
44,1470,Edinbane/Isle of Skye,0,3,46,10
44,1471,Broadford/Isle of Skye,0,3,46,10
44,1472,Grimsby,0,3,46,10
44,1473,Ipswich,0,3,46,10
44,1474,Gravesend,0,3,46,10
44,1475,Greenock,0,3,46,10
44,1476,Grantham,0,3,46,10
44,1477,Holmes Chapel,0,3,46,10
44,1478,Portree/Isle of Skye,0,3,46,10
44,1479,Grantown on Spey ,0,3,46,10
44,1480,Huntingdon,0,3,46,10
44,1481,Guernsey,0,3,46,10
44,1482,Hull,0,3,46,10
44,1483,Guildford,0,3,46,10
44,1484,Huddersfield,0,3,46,10
44,1485,Hunstanton,0,3,46,10
44,1487,Warboys/Huntingdon,0,3,46,10
44,1488,Hungerford,0,3,46,10
44,1489,Bishops Waltham/Hamble Valley,0,3,46,10
44,1490,Corwen/Gwynedd,0,3,46,10
44,1491,Henley-on-Thames,0,3,46,10
44,1492,Colwyn Bay/Gwynedd,0,3,46,10
44,1493,Great Yarmouth ,0,3,46,10
44,1494,High Wycombe,0,3,46,10
44,1495,Pontypool/Gwent,0,3,46,10
44,1496,Port Ellen/Islay,0,3,46,10
44,1497,Hay on Wye,0,3,46,10
44,1498,unused ,0,3,46,10
44,1499,Inveraray,0,3,46,10
44,1500,unused ,0,3,46,10
44,1501,Harthill/Lothian,0,3,46,10
44,1502,Lowestoft,0,3,46,10
44,1503,Looe ,0,3,46,10
44,1504,unused ,0,3,46,10
44,1505,Johnstone,0,3,46,10
44,1506,Bathgate/Lothian,0,3,46,10
44,1507,Alford/Louth and Spilsby,0,3,46,10
44,1508,Brooke ,0,3,46,10
44,1509,Loughborough,0,3,46,10
44,1520,Lochcarron,0,3,46,10
44,1521,unused ,0,3,46,10
44,1522,Lincoln,0,3,46,10
44,1523,unused ,0,3,46,10
44,1524,Lancaster/Hornby,0,3,46,10
44,1525,Leighton Buzzard,0,3,46,10
44,1526,Martin/Lincolnshire,0,3,46,10
44,1527,Redditch ,0,3,46,10
44,1528,Laggan/Badenoch,0,3,46,10
44,1529,Sleaford/Lincolnshire,0,3,46,10
44,1530,Coalville/Ashby-de-la-Zouch Leicestershire,0,3,46,10
44,1531,Ledbury,0,3,46,10
44,1532,unused ,0,3,46,10
44,1533,unused ,0,3,46,10
44,1534,Jersey,0,3,46,10
44,1535,Keighley,0,3,46,10
44,1536,Kettering,0,3,46,10
44,1537,unused ,0,3,46,10
44,1538,Ipstones/Leek,0,3,46,10
44,1539,Kendal,0,3,46,10
44,15394,Hawkshead ,0,3,46,10
44,15395,Grange over Sands ,0,3,46,10
44,15396,Sedbergh ,0,3,46,10
44,1540,Kingussie,0,3,46,10
44,1541,unused ,0,3,46,10
44,1542,Keith,0,3,46,10
44,1543,Cannock/Lichfield,0,3,46,10
44,1544,Kington,0,3,46,10
44,1545,Llanarth/Ceredigion,0,3,46,10
44,1546,Lochgilphead,0,3,46,10
44,1547,Knighton,0,3,46,10
44,1548,Kingsbridge,0,3,46,10
44,1549,Lairg,0,3,46,10
44,1550,Llandovery,0,3,46,10
44,1551,unused ,0,3,46,10
44,1552,unused ,0,3,46,10
44,1553,King's Lynn,0,3,46,10
44,1554,Llanelli,0,3,46,10
44,1555,Lanark,0,3,46,10
44,1556,Castle Douglas/Kirkcudbrightshire,0,3,46,10
44,1557,Kirkcudbright,0,3,46,10
44,1558,Llandeilo,0,3,46,10
44,1559,Llandysul,0,3,46,10
44,1560,Moscow,0,3,46,10
44,1561,Laurencekirk,0,3,46,10
44,1562,Kidderminster,0,3,46,10
44,1563,Kilmarnock,0,3,46,10
44,1564,Lapworth/Knowle,0,3,46,10
44,1565,Knutsford,0,3,46,10
44,1566,Launceston,0,3,46,10
44,1567,Killin,0,3,46,10
44,1568,Leominster,0,3,46,10
44,1569,Stonehaven/Laurencekirk,0,3,46,10
44,1570,Lampeter,0,3,46,10
44,1571,Lochinver,0,3,46,10
44,1572,Oakham,0,3,46,10
44,1573,Kelso,0,3,46,10
44,1574,unused ,0,3,46,10
44,1575,Kirriemuir,0,3,46,10
44,1576,Lockerbie,0,3,46,10
44,1577,Kinross,0,3,46,10
44,1578,Lauder,0,3,46,10
44,1579,Liskeard,0,3,46,10
44,1580,Cranbrook/Kent,0,3,46,10
44,1581,New Luce/Luce,0,3,46,10
44,1582,Luton,0,3,46,10
44,1583,Carradale/Kintyre,0,3,46,10
44,1584,Ludlow,0,3,46,10
44,1585,Kesgrave,0,3,46,10
44,1586,Campbeltown/Kintyre,0,3,46,10
44,1587,unused ,0,3,46,10
44,1588,Bishops Castle/Ludlow,0,3,46,10
44,1589,unused ,0,3,46,10
44,1590,Lymington,0,3,46,10
44,1591,Llanwrtyd Wells,0,3,46,10
44,1592,Kirkcaldy,0,3,46,10
44,1593,Lybster,0,3,46,10
44,1594,Lydney,0,3,46,10
44,1595,Lerwick/Foula/Fair Isle,0,3,46,10
44,1596,unused,0,3,46,10
44,1597,Llandrindod Wells,0,3,46,10
44,1598,Lynton,0,3,46,10
44,1599,Kyle,0,3,46,10
44,1600,Monmouth,0,3,46,10
44,1601,unused ,0,3,46,10
44,1602,unused ,0,3,46,10
44,1603,Norwich,0,3,46,10
44,1604,Northampton,0,3,46,10
44,1605,unused ,0,3,46,10
44,1606,Northwich,0,3,46,10
44,1607,unused ,0,3,46,10
44,1608,Chipping Norton,0,3,46,10
44,1609,Northallerton,0,3,46,10
44,1620,North Berwick,0,3,46,10
44,1621,Maldon,0,3,46,10
44,1622,Maidstone,0,3,46,10
44,1623,Mansfield,0,3,46,10
44,1624,Isle of Man,0,3,46,10
44,1625,Macclesfield,0,3,46,10
44,1626,Newton Abbot,0,3,46,10
44,1627,unused ,0,3,46,10
44,1628,Maidenhead,0,3,46,10
44,1629,Matlock,0,3,46,10
44,1630,Market Drayton,0,3,46,10
44,1631,Oban,0,3,46,10
44,1632,unused ,0,3,46,10
44,1633,Newport,0,3,46,10
44,1634,Medway,0,3,46,10
44,1635,Newbury,0,3,46,10
44,1636,Newark-on-Trent,0,3,46,10
44,1637,Newquay,0,3,46,10
44,1638,Newmarket,0,3,46,10
44,1639,Neath,0,3,46,10
44,1640,unused ,0,3,46,10
44,1641,Strathy/Melvich,0,3,46,10
44,1642,Middlesbrough,0,3,46,10
44,1643,Minehead,0,3,46,10
44,1644,New Galloway,0,3,46,10
44,1645,unused ,0,3,46,10
44,1646,Milford Haven,0,3,46,10
44,1647,Moretonhampstead,0,3,46,10
44,1648,unused ,0,3,46,10
44,1649,unused ,0,3,46,10
44,1650,Cemmaes Road/Machynlleth,0,3,46,10
44,1651,Oldmeldrum,0,3,46,10
44,1652,Brigg/North Kelsey,0,3,46,10
44,1653,Malton,0,3,46,10
44,1654,Machynlleth,0,3,46,10
44,1655,Maybole,0,3,46,10
44,1656,Bridgend,0,3,46,10
44,1657,unused ,0,3,46,10
44,1658,unused ,0,3,46,10
44,1659,Sanquhar/Nithsdale,0,3,46,10
44,1660,unused ,0,3,46,10
44,1661,Prudhoe/Northumberland,0,3,46,10
44,1662,unused ,0,3,46,10
44,1663,New Mills,0,3,46,10
44,1664,Melton Mowbray,0,3,46,10
44,1665,Alnwick/Northumberland,0,3,46,10
44,1666,Malmesbury,0,3,46,10
44,1667,Nairn,0,3,46,10
44,1668,Bamburgh/Northumberland,0,3,46,10
44,1669,Rothbury/Northumberland,0,3,46,10
44,1670,Morpeth,0,3,46,10
44,1671,Newton Stewart,0,3,46,10
44,1672,Marlborough,0,3,46,10
44,1673,Market Rasen,0,3,46,10
44,1674,Montrose,0,3,46,10
44,1675,Coleshill/Warwickshire/Meriden,0,3,46,10
44,1676,Meriden,0,3,46,10
44,1677,Bedale/North Riding,0,3,46,10
44,1678,Bala/Meirionydd,0,3,46,10
44,1679,unused ,0,3,46,10
44,1680,Craignure/Isle of Mull,0,3,46,10
44,1681,Fionnphort/Isle of Mull,0,3,46,10
44,1682,unused ,0,3,46,10
44,1683,Moffat,0,3,46,10
44,1684,Malvern,0,3,46,10
44,1685,Merthyr Tydfil,0,3,46,10
44,1686,Llanidloes and Newtown,0,3,46,10
44,1687,Mallaig ,0,3,46,10
44,1688,Tobermory/Isle of Mull,0,3,46,10
44,1689,Orpington,0,3,46,10
44,1690,Betws-y-Coed ,0,3,46,10
44,1691,Oswestry,0,3,46,10
44,1692,North Walsham,0,3,46,10
44,1693,unused ,0,3,46,10
44,1694,Church Stretton ,0,3,46,10
44,1695,Skelmersdale/Ormskirk,0,3,46,10
44,1696,unused ,0,3,46,10
44,1697,Brampton ,0,3,46,10
44,16973,Wigton ,0,3,46,10
44,16974,Raughton Head ,0,3,46,10
44,16977,Hallbankgate ,0,3,46,10
44,1698,Motherwell,0,3,46,10
44,1699,unused ,0,3,46,10
44,1700,Rothesay,0,3,46,10
44,1701,unused ,0,3,46,10
44,1702,Southend on Sea,0,3,46,10
44,1703,unused ,0,3,46,10
44,1704,Southport,0,3,46,10
44,1705,unused ,0,3,46,10
44,1706,Rochdale/Rossendale,0,3,46,10
44,1707,Welwyn Hatfield and Potters Bar,0,3,46,10
44,1708,Romford,0,3,46,10
44,1709,Rotherham,0,3,46,10
44,1720,Isles of Scilly,0,3,46,10
44,1721,Peebles,0,3,46,10
44,1722,Salisbury,0,3,46,10
44,1723,Scarborough,0,3,46,10
44,1724,Scunthorpe,0,3,46,10
44,1725,Rockbourne,0,3,46,10
44,1726,St Austell,0,3,46,10
44,1727,St Albans,0,3,46,10
44,1728,Saxmundham,0,3,46,10
44,1729,Settle/Ribblesdale,0,3,46,10
44,1730,Petersfield,0,3,46,10
44,1731,unused ,0,3,46,10
44,1732,Sevenoaks,0,3,46,10
44,1733,Peterborough,0,3,46,10
44,1734,unused ,0,3,46,10
44,1735,unused ,0,3,46,10
44,1736,Penzance,0,3,46,10
44,1737,Redhill,0,3,46,10
44,1738,Perth,0,3,46,10
44,1739,unused,0,3,46,10
44,1740,Sedgefield,0,3,46,10
44,1741,unused ,0,3,46,10
44,1742,unused ,0,3,46,10
44,1743,Shrewsbury,0,3,46,10
44,1744,St Helens,0,3,46,10
44,1745,Rhyl,0,3,46,10
44,1746,Bridgnorth/Shropshire,0,3,46,10
44,1747,Shaftesbury,0,3,46,10
44,1748,Richmond,0,3,46,10
44,1749,Shepton Mallet,0,3,46,10
44,1750,Selkirk,0,3,46,10
44,1751,Pickering,0,3,46,10
44,1752,Plymouth,0,3,46,10
44,1753,Slough,0,3,46,10
44,1754,Skegness,0,3,46,10
44,1755,unused ,0,3,46,10
44,1756,Skipton,0,3,46,10
44,1757,Selby,0,3,46,10
44,1758,Pwllheli,0,3,46,10
44,1759,Pocklington,0,3,46,10
44,1760,Swaffham,0,3,46,10
44,1761,Temple Cloud/Somerset,0,3,46,10
44,1762,unused ,0,3,46,10
44,1763,Royston,0,3,46,10
44,1764,Crieff/Ruthven,0,3,46,10
44,1765,Ripon,0,3,46,10
44,1766,Porthmadog,0,3,46,10
44,1767,Sandy,0,3,46,10
44,1768,Penrith,0,3,46,10
44,17683,Appleby ,0,3,46,10
44,17684,Pooley Bridge ,0,3,46,10
44,17687,Keswick ,0,3,46,10
44,1769,South Molton,0,3,46,10
44,1770,Isle of Arran ,0,3,46,10
44,1771,Maud ,0,3,46,10
44,1772,Preston,0,3,46,10
44,1773,Ripley,0,3,46,10
44,1774,unused ,0,3,46,10
44,1775,Spalding,0,3,46,10
44,1776,Stranraer,0,3,46,10
44,1777,Retford,0,3,46,10
44,1778,Market Deeping/Bourne,0,3,46,10
44,1779,Peterhead ,0,3,46,10
44,1780,Stamford,0,3,46,10
44,1781,unused ,0,3,46,10
44,1782,Stoke on Trent,0,3,46,10
44,1783,unused ,0,3,46,10
44,1784,Staines,0,3,46,10
44,1785,Stafford,0,3,46,10
44,1786,Stirling,0,3,46,10
44,1787,Sudbury,0,3,46,10
44,1788,Rugby,0,3,46,10
44,1789,Stratford upon Avon,0,3,46,10
44,1790,Spilsby,0,3,46,10
44,1791,unused ,0,3,46,10
44,1792,Swansea,0,3,46,10
44,1793,Swindon,0,3,46,10
44,1794,Romsey,0,3,46,10
44,1795,Sittingbourne/Sheppey,0,3,46,10
44,1796,Pitlochry,0,3,46,10
44,1797,Rye,0,3,46,10
44,1798,Pulborough/Sussex,0,3,46,10
44,1799,Saffron Walden,0,3,46,10
44,1800,unused ,0,3,46,10
44,1801,unused ,0,3,46,10
44,1802,unused ,0,3,46,10
44,1803,Torquay,0,3,46,10
44,1804,unused ,0,3,46,10
44,1805,Torrington,0,3,46,10
44,1806,Voe/Shetland,0,3,46,10
44,1807,Ballindalloch/Tomintoul,0,3,46,10
44,1808,Tomatin,0,3,46,10
44,1809,Tomdoun,0,3,46,10
44,1820,unused ,0,3,46,10
44,1821,Kinrossie/Tayside,0,3,46,10
44,1822,Tavistock,0,3,46,10
44,1823,Taunton,0,3,46,10
44,1824,Ruthin/Vale of Clwyd,0,3,46,10
44,1825,Uckfield,0,3,46,10
44,1827,Tamworth,0,3,46,10
44,1828,Coupar Angus/Tayside,0,3,46,10
44,1829,Tarporley,0,3,46,10
44,1830,Kirkwhelpington,0,3,46,10
44,1831,unused ,0,3,46,10
44,1832,Clopton/Oundle ,0,3,46,10
44,1833,Teesdale,0,3,46,10
44,1834,Narberth/Tenby,0,3,46,10
44,1835,St Boswells ,0,3,46,10
44,1836,unused ,0,3,46,10
44,1837,Okehampton,0,3,46,10
44,1838,Dalmally/Tyndrum,0,3,46,10
44,1839,unused ,0,3,46,10
44,1840,Camelford/Tintagel,0,3,46,10
44,1841,Newquay ,0,3,46,10
44,1842,Thetford,0,3,46,10
44,1843,Thanet,0,3,46,10
44,1844,Thame,0,3,46,10
44,1845,Thirsk,0,3,46,10
44,1846,unused ,0,3,46,10
44,1847,Thurso and Tongue,0,3,46,10
44,1848,Thornhill,0,3,46,10
44,1849,unused ,0,3,46,10
44,1850,unused ,0,3,46,10
44,1851,Great Bernera/Stornoway,0,3,46,10
44,1852,Kilmelford ,0,3,46,10
44,1853,unused ,0,3,46,10
44,1854,Ullapool,0,3,46,10
44,1855,Ballachulish ,0,3,46,10
44,1856,Orkney ,0,3,46,10
44,1857,Sanday ,0,3,46,10
44,1858,Market Harborough ,0,3,46,10
44,1859,Harris,0,3,46,10
44,1860,unused ,0,3,46,10
44,1861,unused,0,3,46,10
44,1862,Tain,0,3,46,10
44,1863,Ardgay/Tain,0,3,46,10
44,1864,Tinto/Abington,0,3,46,10
44,1865,Oxford,0,3,46,10
44,1866,Kilchrenan ,0,3,46,10
44,1867,unused ,0,3,46,10
44,1868,unused ,0,3,46,10
44,1869,Bicester/Oxfordshire,0,3,46,10
44,1870,Isle of Benbecula ,0,3,46,10
44,1871,Castlebay ,0,3,46,10
44,1872,Truro,0,3,46,10
44,1873,Abergavenny/Usk,0,3,46,10
44,1874,Brecon/Usk,0,3,46,10
44,1875,Tranent,0,3,46,10
44,1876,Lochmaddy ,0,3,46,10
44,1877,Callander/Trossachs,0,3,46,10
44,1878,Lochboisdale ,0,3,46,10
44,1879,Scarinish/Tiree,0,3,46,10
44,1880,Tarbert,0,3,46,10
44,1881,unused ,0,3,46,10
44,1882,Kinloch Rannoch/Tummel Bridge,0,3,46,10
44,1883,Caterham,0,3,46,10
44,1884,Tiverton,0,3,46,10
44,1885,Pencombe ,0,3,46,10
44,1886,Bromyard/Teme Valley,0,3,46,10
44,1887,Aberfeldy/Tay Valley,0,3,46,10
44,1888,Turriff,0,3,46,10
44,1889,Uttoxeter,0,3,46,10
44,1890,Ayton/Berwickshire and Coldstream/Tweed,0,3,46,10
44,1891,unused ,0,3,46,10
44,1892,Tunbridge Wells,0,3,46,10
44,1893,unused ,0,3,46,10
44,1894,unused ,0,3,46,10
44,1895,Uxbridge,0,3,46,10
44,1896,Galashiels/Tweed,0,3,46,10
44,1897,unused ,0,3,46,10
44,1898,unused ,0,3,46,10
44,1899,Biggar/Tweed,0,3,46,10
44,1900,Workington,0,3,46,10
44,1901,unused ,0,3,46,10
44,1902,Wolverhampton,0,3,46,10
44,1903,Worthing,0,3,46,10
44,1904,York,0,3,46,10
44,1905,Worcester,0,3,46,10
44,1906,unused ,0,3,46,10
44,1907,unused ,0,3,46,10
44,1908,Milton Keynes/Wolverton,0,3,46,10
44,1909,Worksop,0,3,46,10
44,1920,Ware,0,3,46,10
44,1921,unused,0,3,46,10
44,1922,Walsall,0,3,46,10
44,1923,Watford,0,3,46,10
44,1924,Wakefield,0,3,46,10
44,1925,Warrington,0,3,46,10
44,1926,Warwick,0,3,46,10
44,1927,unused,0,3,46,10
44,1928,Runcorn/Warrington,0,3,46,10
44,1929,Wareham,0,3,46,10
44,1930,unused ,0,3,46,10
44,1931,Shap/Westmorland,0,3,46,10
44,1932,Weybridge,0,3,46,10
44,1933,Wellingborough,0,3,46,10
44,1934,Weston-super-Mare,0,3,46,10
44,1935,Yeovil,0,3,46,10
44,1936,unused ,0,3,46,10
44,1937,Wetherby,0,3,46,10
44,1938,Welshpool,0,3,46,10
44,1939,Wem,0,3,46,10
44,1940,unused ,0,3,46,10
44,1941,unused ,0,3,46,10
44,1942,Wigan,0,3,46,10
44,1943,Guiseley/Wharfedale,0,3,46,10
44,1944,West Heslerton,0,3,46,10
44,1945,Wisbech,0,3,46,10
44,1946,Whitehaven,0,3,46,10
44,19467,Gosforth ,0,3,46,10
44,1947,Whitby,0,3,46,10
44,1948,Whitchurch,0,3,46,10
44,1949,Whatton,0,3,46,10
44,1950,Sandwick/Yell,0,3,46,10
44,1951,Colonsay ,0,3,46,10
44,1952,Telford/Wellington,0,3,46,10
44,1953,Wymondham ,0,3,46,10
44,1954,Madingley/Willingham,0,3,46,10
44,1955,Wick,0,3,46,10
44,1956,unused ,0,3,46,10
44,1957,Mid Yell/Yell,0,3,46,10
44,1958,unused ,0,3,46,10
44,1959,Westerham/West Kent,0,3,46,10
44,1960,unused ,0,3,46,10
44,1961,unused ,0,3,46,10
44,1962,Winchester,0,3,46,10
44,1963,Wincanton,0,3,46,10
44,1964,Hornsea and Patrington/Withernsea,0,3,46,10
44,1965,unused ,0,3,46,10
44,1966,unused ,0,3,46,10
44,1967,Strontian ,0,3,46,10
44,1968,Penicuik/West Linton,0,3,46,10
44,1969,Leyburn/Wensleydale,0,3,46,10
44,1970,Aberystwyth/Ystwyth,0,3,46,10
44,1971,Scourie/Wrath,0,3,46,10
44,1972,Glenborrodale ,0,3,46,10
44,1973,unused ,0,3,46,10
44,1974,Llanon/Ystwyth,0,3,46,10
44,1975,Alford/Aberdeenshire and Strathdon/Water,0,3,46,10
44,1976,unused ,0,3,46,10
44,1977,Pontefract/West Riding,0,3,46,10
44,1978,Wrexham,0,3,46,10
44,1979,unused,0,3,46,10
44,1980,Amesbury/Wiltshire,0,3,46,10
44,1981,Wormbridge ,0,3,46,10
44,1982,Builth Wells ,0,3,46,10
44,1983,Isle of Wight,0,3,46,10
44,1984,Watchet,0,3,46,10
44,1985,Warminster,0,3,46,10
44,1986,Bungay/Waveney,0,3,46,10
44,1987,Ebbsfleet [7] ,0,3,46,10
44,1988,Wigtown,0,3,46,10
44,1989,Ross on Wye/Wye,0,3,46,10
44,1990,unused ,0,3,46,10
44,1991,unused ,0,3,46,10
44,1992,Lea Valley/Waltham X,0,3,46,10
44,1993,Witney,0,3,46,10
44,1994,St Clears/West Wales,0,3,46,10
44,1995,Garstang/Wyre,0,3,46,10
44,1996,unused ,0,3,46,10
44,1997,Strathpeffer/Wyvis,0,3,46,10
44,1998,unused,0,3,46,10
44,1999,unused,0,3,46,10
