AED,UAE Dirham,Dirham des ÉAUnis,Dirham de los EÁU,VAE-Dirham,Dirham dos Emirados UAE,ディルハム,阿拉伯聯合酋長國迪爾汗,아랍에미리트 디르함,VAE-Dirham,Dirham degli Emirati Arabi Uniti
AFN,Afghani,Afghani,Afgani Afgano,Afghani,Afegane,アフガニ,阿富汗阿富汗尼,아프가니스탄 아프가니,Afghani,Afghani afgano
ALL,Lek,Lek,Lek Albano,Lek,Lek,レク,阿爾巴尼亞列克,알바니아 렉,Albanese lek,Lek albanese
AMD,Armenian Dram,Dram Arménien,Dram Armenio,Dram,Dram,ドラム,亞美尼亞德拉姆,아르메니아 드람,Armeense dram,Dram armeno
ANG,Netherlands Antillian Guilder,Florin des Antilles,Florín de las Antillas Holandesas,Antillen-Gulden,Florim,アンティル・ギルダー,荷屬安的列斯盾,네덜란드령 안틸레스 휠던,Antilliaanse gulden,Fiorino delle Antille olandesi
AOA,Kwanza,Kwanza,Kwanza Angoleño,Kwanza,Kwanza,クワンザ,安哥拉寬扎,앙골라 콴자,Angolese kwanza,Kwanza angolano
ARS,Argentine Peso,Peso Argentin,Peso Argentino,Argentinischer Peso,Peso Argentino,アルゼンチン・ペソ,阿根廷比索,아르헨티나 페소,Argentijnse peso,Peso argentino
ATS,Austrian schilling,Schilling Autrichien,Chelín Austriaco,Schilling,Xelim austríaco,オーストリア・シリング,奧地利先令,오스트리아 실링,Oostenrijkse schilling,Scellino austriaco
AUD,Australian Dollar,Dollar Australien,Dólar Australiano,Australischer Dollar,Dólar australiano,オーストラリア・ドル,澳大利亞元,오스트레일리아 달러,Australische dollar,Dollaro australiano
AWG,Aruban Guilder,Florin d'Aruba,Florín Arubeño,Aruba-Gulden,Florim de Aruba,アルバ・フローリン,阿魯巴弗羅林,아루바 플로린,Arubaanse gulden,Fiorino arubano
AZN,Azerbaijanian Manat,Manat,Manat Azerbaiyano,Aserbaidschan-Manat,Manat do Azerbaijão,アゼルバイジャン・マナト,阿塞拜疆馬納特,아제르바이잔 마나트,Azerbeidzjaanse manat,Manat azero
BAM,Convertible Marks,Mark Convertible,Marco Convertible,Konvertierbarer Mark,Marco convertível,兌換マルク,波斯尼亞和黑塞哥維那可兌換馬克,보스니아 헤르체고비나 태환 마르크,Bosnische mark,Marco bosniaco
BBD,Barbados Dollar,Dollar de Barbade,Dólar de Barbados,Barbados-Dollar,Dólar de Barbados,バルバドス・ドル,巴巴多斯元,바베이도스 달러,Barbadiaanse dollar,Dollaro di Barbados
BDT,Taka,Taka,Taka de Bangladesh,Taka,Taka,タカ,孟加拉塔卡,방글라데시 타카,Bengalese taka,Taka bengalese
BEF,Belgian franc,Franc Belge,Franco Belga,Belgischer Franc,Franco belga,ベルギー・フラン,比利時法郎,벨기에 프랑,Belgische frank,Franco belga
BGN,Bulgarian Lev,Lev de Bulgarie,Lev Búlgaro,Lew,Lev,レフ,保加利亞列弗,불가리아 레프,Nieuwe Bulgaarse lev,Nuovo lev bulgaro
BHD,Bahraini Dinar,Dinar de Bahreïn,Dinar Bahreiní,Bahrain-Dinar,Dinar do Bahrein,レフ,巴林第納爾,바레인 디나르,Bahreinse dinar,Dinaro del Bahrain
BIF,Burundi Franc,Franc du Burundi,Franco Burundés,Burundi-Franc,Franco do Burundi,ブルンジ・フラン,布隆迪法郎,부룬디 프랑,Burundese frank,Franco del Burundi
BMD,Bermudian Dollar,Dollar des Bermudes,Dólar de Bermuda,Bermuda- Dollar,Dólar de Bermuda,バミューダ・ドル,百慕大元,버뮤다 달러,Bermuda-dollar,Dollaro della Bermuda
BND,Brunei Dollar,Dollar de Brunei,Dólar de Brunei,Brunei-Dollar,Dólar do Brunei,ブルネイ・ドル,文萊元,브루나이 링깃,Bruneise dollar,Dollaro del Brunei
BOB,Boliviano,Boliviano,Boliviano,Boliviano,Boliviano,ボリビアーノ,玻利維亞玻利維亞諾,볼리비아 볼리비아노,Boliviaanse boliviano,Boliviano boliviano
BOV,Mvdol,Mvdol,Mvdol Boliviano,Mvdol,Boliviano Mvdol,Mvdol,玻利維亞 mvdol,볼리비아 볼리비아노 mvdol,Boliviaanse Mvdol,Mvdol Boliviano
BRL,Brazilian Real,Real de Brésil,Real Brasileño,Real,Real,レアル,巴西雷亞爾,브라질 헤알,Braziliaanse real,Real brasiliano
BSD,Bahamian Dollar,Dollar des Bahamas,Dólar Bahameño,Bahama-Dollar,Dólar das Bahamas,バハマ・ドル,巴哈馬元,바하마 달러,Bahamaanse dollar,Dollaro delle Bahamas
BTN,Ngultrum,Ngultrum,Ngultrum de Bután,Ngultrum,Ngultrum,ニュルタム,不丹努扎姆,부탄 눌트럼,Bhutaanse ngultrum,Ngultrum del Bhutan
BWP,Pula,Pula,Pula de Botswana,Pula,Pula,プラ,博茨瓦納普拉,보츠와나 풀라,Botswaanse pula,Pula del Botswana
BYR,Belarussian Ruble,Rouble Bélorusse,Rublo Bielorruso,Belarus-Rubel,Rublo bielorrusso,ベラルーシ・ルーブル,白俄羅斯盧布,벨라루스 루블,Wit-Russische roebel,Rublo bielorusso
BZD,Belize Dollar,Dollar de Belize,Dólar de Belice,Belize-Dollar,Dólar do Belize,ベリーズ・ドル,伯利茲元,벨리즈 달러,Belizaanse dollar,Dollaro del Belize
CAD,Canadian Dollar,Dollar Canadien,Dólar Canadiense,kanadischer Dollar,Dólar canadense,カナダ・ドル,加拿大元,캐나다 달러,Canadese dollar,Dollaro canadese
CDF,Congolese Franc,Franc Congolais,Franco Congoleño,Kongo-Franc,Franco congolês,コンゴ・フラン,剛果民主共和國剛果法郎,콩고 프랑,Congolese frank,Franco congolese
CHE,WIR Euro,WIR Euro,WIR Euro,WIR Euro,WIR euro,WIR Euro,WIR Euro,WIR Euro,WIR Euro,WIR Euro
CHF,Swiss Franc,Franc Suisse,Franco Suizo,Schweizer Franken,Franco suíço,スイス・フラン,瑞士法郎,스위스 프랑,Zwitserse frank,Franco svizzero
CHW,WIR Franc,WIR Franc,WIR Franc,WIR Franc,WIR franc,WIR Franc,WIR Franc,WIR Franc,WIR Franc,WIR Franco
CLF,Unidades de fomento,Unité d'investissement,Unidades de Fomento Chilenas,Unidades de fomento,Unidade de Fomento,Unidades de fomento,智利比索,칠레 Unidad de Fomento ,Chileense Unidades de fomento,Unidades de fomento Cilena
CLP,Chilean Peso,Peso Chilien,Peso chileno,Chilenischer Peso,Peso chileno,チリ・ペソ,智利比索,칠레 페소,Chileense peso,Peso cileno
CNY,Yuan Renminbi,Yuan Ren-Min-Bi,Yuan Renminbi de China,Renminbi Yuan,Renminbi,人民元,中國人民幣元,런민비 (위안),Chinese yuan,Renminbi cinese (Yuan)
COP,Colombian Peso,Peso Colombien,Peso colombiano,Kolumbianischer Peso,Peso colombiano,コロンビア・ペソ,哥倫比亞比索,콜롬비아 페소,Colombiaanse peso,Peso colombiano
COU,Unidad de Valor Real,Unidad de Valor Real,Unidad de valor Colombiana,Unidad de Valor real,Unidade de Valor Real,Unidad de Valor Real,哥倫比亞unidad de valor real,Unidad de Valor Real,Colombiaanse unidad de valor real,Unidad de Valor Real
CRC,Costa Rican Colon,Colon de Costa Rica,Colón Costarricense,Costa-Rica-Colón,Colon da Costa Rica,コスタリカ・コロン,哥斯達黎加科朗,코스타리카 콜론,Costa Ricaanse colon,Colón costaricano
CUC,Peso Convertible,Peso Convertible,Peso Convertible,Kubanischer Peso,Cuban convertible peso,兌換ペソ,古巴可兌換比索,쿠바 태환 페소,Convertibele peso,Peso cubano convertibile
CUP,Cuban Peso,Peso Cubain,Peso cubano,Konvertibler Peso ,Peso cubano,キューバ・ペソ,古巴比索,쿠바 페소,Cubaanse peso,Peso cubano
CVE,Cape Verde Escudo,Escudo du Cap-Vert,Escudo Caboverdiano,Kap-Verde-Escudo,Escudo cabo-verdiano,カーボベルデ・エスクード,佛得角埃斯庫多,카보베르데 에스쿠도,Kaapverdische escudo,Escudo di Capo Verde
CYP,Cypriot pound,Livre Chypriote,Libra Chipriota,Zypern-Pfund,Libra cipriota,キプロス・ポンド,塞浦路斯鎊,키프로스 파운드,Cypriotisch pond,Lira cipriota
CZK,Czech Koruna,Couronne Tchèque,Koruna Checo,Tschechische Krone,Coroa,チェコ・コルナ,捷克克朗,체코 코루나,Tsjechische kroon,Corona ceca
DEM,German mark,Mark Allemand,Marco Alemán,Deutsche Mark,Marco alemão,東ドイツ・マルク,德國馬克,독일 마르크,Duitse mark,Marco tedesco
DJF,Djibouti Franc,Franc de Djibouti,Franco Yibutiano,Dschibuti-Franc,Franco do Djibuti,ジブチ・フラン,吉布提法郎,지부티 프랑,Djiboutiaanse frank,Franco gibutiano
DKK,Danish Krone,Couronne Danoise,Corona Danesa,Dänische Krone,Coroa dinamarquesa,デンマーク・クローネ,丹麥克朗,덴마크 크로네,Deense kroon,Corona danese
DOP,Dominican Peso,Peso Dominicain,Peso Dominicano,Dominikanischer Peso,Peso,ドミニカ・ペソ,多米尼加比索,도미니카 페소,Dominicaanse peso,Peso dominicano
DZD,Algerian Dinar,Dinar Algérien,Dinar Algerino,Algerischer Dinar,Dinar argelino,アルジェリア・ディナール,阿爾及利亞第納爾,알제리 디나르,Algerijnse dinar,Dinaro algerino
EEK,Kroon,Couronne Estonienne,Corona Estonia,Estnische Krone,Coroa estoniana,クローン,愛沙尼亞克朗,에스토니아 크론,Estse kroon,Corona estone
EGP,Egyptian Pound,Livre Égyptienne,Libra Egipcia,Ägyptisches Pfund,Libra egípcia,エジプト・ポンド,埃及鎊,이집트 파운드,Egyptisch pond,Lira egiziana 
ERN,Nakfa,Nakfa,Nakfa Eritreo,Nakfa,Nakfa,ナクファ,厄立特裡亞納克法,에리트레아 낙파,Eritrese nakfa,Nakfa eritreo
ESP,Spanish peseta,Peseta Espagnole,Peseta Española,Peseta,Peseta espanhola,ペセタ,西班牙比塞塔,스페인 페세타,Spaanse peseta,Peseta spagnola
ETB,Ethiopian Birr,Birr Éthiopien,Birr Etíope,Birr,Birr etíope,ブル,埃塞俄比亞比爾,에티오피아 비르,Ethiopische birr,Birr etiope
EUR,Euro,Euro,Euro,Euro,Euro,ユーロ,歐元,유로,Euro,Euro
FIM,Finnish markka,Mark Finlandais,Marco Finlandés,Finnmark,Marca finlandesa,フィンランド・マルッカ,芬蘭馬克,핀란드 마르카,Finse markka,Marco finlandese
FJD,Fiji Dollar,Dollar de Fidji,Dólar Fijiano,Fidschi-Dollar,Dólar das Fiji,フィジー・ドル,斐濟元,피지 달러,Fiji-dollar,Dollaro delle Figi
FKP,Falkland Islands Pound,Livre de Falkland,Libra Malvinense,Falkland-Pfund,Libra das Malvinas,フォークランド諸島・ポンド,福克蘭鎊,포클랜드 제도 파운드,Falklandeilands pond,Sterlina delle Falkland
FRF,French franc,Franc Français,Franco Francés,Französischer Franc,Franco francês,フランス・フラン,法國法郎,프랑스 프랑,Franse frank,Franco francese
GBP,Pound Sterling,Livre Sterling,Libra Esterlina,Pfund Sterling,Libra Esterlina,UKポンド,英鎊,영국 파운드,Brits pond sterling,Sterlina britannica
GEL,Lari,Lari,Lari Georgiano,Lari,Lari,ラリ,格魯吉亞拉裡,그루지야(조지아) 라리,Georgische lari,Lari georgiano
GHC,Ghanaian cedi,Ghana: Cedi,Ghana: Cedi,Ghana: Cedi,Gana: cedi,セディ,加納塞地,가나 세디,Ghanese cedi ,Cedi ghanese
GHS,Cedi,Ghana Cedi,Cedi Ghanés,Ghana Cedi,Cedi,Cedi,Cedi,Cedi,Ghanese cedi,Cedi ghanese
GIP,Gibraltar Pound,Livre de Gibraltar,Libra de Gibraltar,Gibraltar-Pfund,Libra de Gibraltar,ジブラルタル・ポンド,直布羅陀鎊,지브롤터 파운드,Gibraltarees pond,Sterlina di Gibilterra
GMD,Dalasi,Dalasi,Dalasi Gambiano,Dalasi,Dalasi,ダラシ,岡比亞達拉西,감비아 달라시,Gambiaanse dalasi,Dalasi gambese
GNF,Guinea Franc,Franc Guinéen,Franco Guineano,Guinea-Franc,Franco da Guiné,ギニア・フラン,幾內亞法郎,기니 프랑,Guineese frank,Franco guineano
GRD,Greek Drachma,Drachme Grecque,Dracma Griega,Drachme,Fracma,ドラクマ,希臘德拉克馬,그리스 드라크마,Griekse drachme ,Dracma greca
GTQ,Quetzal,Quetzal,Quetzal Guatemalteco,Quetzal,Quetzal guatemalteco,ケツァル,危地馬拉格查爾,과테말라 케찰,Guatemalaanse quetzal,Quetzal guatemalteco
GYD,Guyana Dollar,Dollar de Guyane,Dólar Guyanés,Guyana-Dollar,Dólar da Guiana,ガイアナ・ドル,圭亞那元,가이아나 달러,Guyaanse dollar,Dollaro della Guyana
HKD,Hong Kong Dollar,Dollar de Hong-Kong,Dólar de Hong Kong,Hongkong-Dollar,Dólar de Hong Kong,香港ドル,港幣,홍콩 달러,Hongkongse dollar,Dollaro di Hong Kong
HNL,Lempira,Lempira,Lempira Hondureño,Lempira,Lempira,レンピラ,洪都拉斯倫皮拉,온두라스 렘피라,Hondurese lempira,Lempira honduregna
HRK,Croatian Kuna,Kuna,Kuna Croata,Kuna,Kuna,クーナ,克羅地亞庫納,크로아티아 쿠나,Kroatische kuna,Kuna croata
HTG,Gourde,Gourde,Gourde Haitiano,Gourde,Gourde,グールド,海地古德,아이티 구르드,Haïtiaanse gourde,Gourde haitiano
HUF,Forint,Forint,Forint Húngaro,Forint,Forint,フォリント,匈牙利 福林,헝가리 포린트,Hongaarse forint,Fiorino ungherese
IDR,Rupiah,Rupiah,Rupiah Indonesia,Rupiah,Rupia indonésia,ルピア,印度尼西亞盾,인도네시아 루피아,Indonesische roepia,Rupia indonesiana
IEP,Irish pound,Livre Irlandaise,Libra Irlandesa,Irisches Pfund,Libra irlandesa,アイルランド・ポンド,愛爾蘭鎊,아일랜드 파운드,Iers pond,Sterlina irlandese
ILS,New Israeli Sheqel,Nouvel Israëli sheqel,Nuevo Shéquel Israelí,Schekel,Shekel,新シェケル,以色列新謝克爾,이스라엘 신 셰켈,Nieuwe Israëlische sjekel,Nuovo siclo israeliano
INR,Indian Rupee,Roupie Indienne,Rupia India,indische Rupie,Rupia indiana,インド・ルピー,印度卢比,인도 루피,Indiase roepie,Rupia indiana
IQD,Iraqi Dinar,Dinar Iraquien,Dinar Iraquí,Irak-Dinar,Dinar iraquiano,イラク・ディナール,伊拉克第纳尔,이라크 디나르,Iraakse dinar,Dinaro iracheno
IRR,Iranian Rial,Rial Iranien,Rial Iraní,Iranischer Rial,Rial iraniano,イラン・リアル,伊朗里亚尔,이란 리알,Iraanse rial,Rial iraniano
ISK,Iceland Krona,Couronne Islandaise,Króna Islandesa,Isländische Krone,Krona islandesa,アイスランド・クローナ,冰岛克朗,아이슬란드 크로나,IJslandse kroon,Corona islandese
ITL,Italian Lira,Lire Italienne,Lira Italiana,Italienische Lira,Lira italiana,イタリア・リラ,義大利里拉,이탈리아 리라,Italiaanse lire ,Lira italiana
JMD,Jamaican Dollar,Dollar Jamaïcain,Dólar Jamaicano,Jamaika-Dollar,Dólar jamaicano,ジャマイカ・ドル,牙买加元,자메이카 달러,Jamaicaanse dollar,Dollaro giamaicano
JOD,Jordanian Dinar,Dinar Jordanien,Dinar Jordano,Jordan-Dinar,Dinar jordano,ヨルダン・ディナール,约旦第纳尔,요르단 디나르,Jordaanse dinar,Dinaro giordano
JPY,Yen,Yen,Yen Japonés,Yen,Iene,円,日本日圓,일본 엔,Japanse yen,Yen giapponese
KES,Kenyan Shilling,Shilling du Kenya,Chelín Keniata,Kenia-Schilling,Xelim queniano,ケニア・シリング,肯尼亚先令,케냐 실링,Keniaanse shilling,Scellino keniota
KGS,Som,Som,Som Kirguís (de Kirguistán),Som,Som,キルギス・ソム,吉尔吉斯斯坦索姆,키르기스스탄 솜,Kirgizische som,Som kirghizo
KHR,Riel,Riel,Riel Camboyano,Riel,Riel,リエル,柬埔寨瑞尔,캄보디아 리엘,Cambodjaanse riel,Riel cambogiano
KMF,Comoro Franc,Franc des Comores,Franco Comoriano (de Comoras),Komoren-Franc,Franco das Comoros,コモロ・フラン,科摩罗法郎,코모로 프랑,Comorese frank,Franco delle Comore
KPW,North Korean Won,Won de la Corée du Nord,Won Norcoreano,Nordkoreanischer Won,Won norte coreano,ウォン,朝鲜朝鮮圆,조선민주주의인민공화국 원,Noord-Koreaanse won,Won nordcoreano
KRW,Won,Won,Won Surcoreano,Südkoreanischer Won,Won sul coreano,ウォン,南韓韓圆,대한민국 원,Zuid-Koreaanse won,Won sudcoreano
KWD,Kuwaiti Dinar,Dinar Koweïtien,Dinar Kuwaití,Kuwait-Dinar,Dinar do Kuwait,クウェート・ディナール,科威特第纳尔,쿠웨이트 디나르,Koeweitse dinar,Dinaro kuwaitiano
KYD,Cayman Islands Dollar,Dollar des Iles Caïmanes,Dólar Caimano (de Islas Caimán),Kaiman-Dollar,Dólar das Ilhas Caimão,ケイマン諸島ドル,开曼元,케이맨 제도 달러,Kaaimaneilandse dollar,Dollaro delle Cayman
KZT,Tenge,Tenge,Tenge Kazajo (de Kazajistán),Tenge,Tenge,テンゲ,哈薩克坦吉,카자흐스탄 텡게,Kazachse tenge,Tenge kazako
LAK,Kip,Kip,Kip Lao,Kip,Kip,キープ,老撾基普,라오스 킵,Laotiaanse kip,Kip laotiano
LBP,Lebanese Pound,Livre Libanaise,Libra Kibanesa,Libanesisches Pfund,Libra libanesa,レバノン・ポンド,黎巴嫩鎊,레바논 파운드,Libanees pond,Lira libanese
LKR,Sri Lanka Rupee,Roupie de Sri Lanka,Rupia de Sri Lanka,Sri-Lanka-Rupie,Rupia do Sri Lanka,スリランカ・ルピー,斯里蘭卡盧比,스리랑카 루피,Sri Lankaanse roepie,Rupia singalese
LRD,Liberian Dollar,Dollar Libérien,Dólar Liberiano,liberianischer Dollar,Dólar da Libéria,リベリア・ドル,利比裡亞元,라이베리아 달러,Liberiaanse dollar,Dollaro liberiano
LSL,Loti,Loti,Loti Lesothense (de Lesotho),Loti,Loti,ロチ,萊索托洛蒂,레소토 로티,Lesothaanse loti,Loti lesothiano
LTL,Lithuanian Litas,Litas Lituanien,Litas Lituano,Litas,Litas,リタス,立陶宛立特,리투아니아 리타스,Litouwse litas,Lita lituano
LUF,Luxembourg franc,Franc Luxembourgeois,Franco Luxemburgués,Luxemburgischer Franc,Franco luxemburguês,ルクセンブルグ・フラン,盧森堡法郎,룩셈부르크 프랑,Luxemburgse frank,Franco lussemburghese
LVL,Latvian Lats,Lats Letton,Lat Letón,Lats,Lats,ラッツ,拉脫維亞拉特,라트비아 라트,Letse lats,Lats lettone
LYD,Libyan Dinar,Dinar Libyen,Dinar Libio,Libyscher Dinar,Dinar da Líbia,リビア・ディナール,利比亞第納爾,리비아 디나르,Libische dinar,Dinaro libico
MAD,Moroccan Dirham,Dirham Marocain,Dirham Marroquí,Marokkanischer Dirham,Dirham marroquino,モロッコ・ディルハム,摩洛哥迪拉姆,모로코 디르함,Marokkaanse dirham,Dirham marocchino
MDL,Moldovan Leu,Leu de Moldovie,Leu Moldavo,Moldau-Leu,Leu,モルドバ・レウ,摩爾多瓦列伊,몰도바 레우,Moldavische leu,Leu moldavo
MGA,Malagasy Ariary,Malagasy Ariary,Ariary Malgache,Ariary,Ariary,アリアリ,馬達加斯加阿里亞里,마다가스카르 아리아리,Malagassische ariary,Ariary malgascio
MKD,Denar,Denar,Denar Macedonio,Denar,Denar,マケドニア・ディナール,前南馬其頓代納爾,마케도니아 데나르,Macedonische denar,Dinaro macedone
MMK,Kyat,Kyat,Kyat Myanmaro,Kyat,Kyat,チャット,緬元,미얀마 챠트,Myanmarese kyat,Kyat birmano
MNT,Tugrik,Tugrik,Tughrik Mongol,Tugrik,Tugrik,トゥグルグ,蒙古圖格裡克,몽골 투그릭,Mongolische tugrik,Tugrik mongolo
MOP,Pataca,Pataca,Pataca de Macao,Pataca,Pataca,パタカ,澳門幣,마카오 파타카,Macause pataca,Pataca di Macao
MRO,Ouguiya,Ouguija,Ouguiya Mauritana,Ouguiya,Ouguiya,ウギア,毛裡塔尼亞烏吉亞,모리타니 우기야,Mauritaanse ouguiya,Ouguiya mauritana
MTL,Maltese lira,Lire Maltaise,Lira Maltesa,Maltesische Lira,Lira maltesa,マルタ・リラ,馬耳他里拉,몰타 리라,Maltese lira,Lira maltese
MUR,Mauritius Rupee,Roupie de Maurice,Rupia Mauricia,Mauritius-Rupie,Rupia da Maurícia,モーリシャス・ルピー,毛里求斯盧比,모리셔스 루피,Mauritiaanse roepie,Rupia mauriziana
MVR,Rufiyaa,Rufiyaa,Rufiyaa Maldiva,Rufiyaa,Rufiyaa,ルフィヤ,馬爾代夫拉菲亞,몰디브 루피야,Maldivische rufiyaa,Rufiyaa delle Maldive
MWK,Kwacha,Kwacha de Malawi,Kwacha Malawiano,Malawi-Kwacha,Kwacha,マラウイ・クワチャ,馬拉維克瓦查,말라위 콰차,Malawische kwacha,Kwacha malawiano
MXN,Mexican Peso,Peso Mexicain,Peso Mexicano,Mexikanischer Peso,Peso Mexicano,メキシコ・ペソ,墨西哥比索,멕시코 페소,Mexicaanse peso,Peso messicano
MXV,Mexican Unidad de Inversion,Mexican Unidad de Inversion,Unidad de Inversión Mexicana,Mexikanischer,Unidade Mexicana de Investimento,メキシコ・ペソ,墨西哥Unidad de Inversion,멕시코 Unidad de Inversion,Mexicaanse Unidad de Inversion,Unidad de Inversion messicano
MYR,Malaysian Ringgit,Ringgit de Malaisie,Ringgit Malayo,Ringgit,Ringgit,リンギット,林吉特,말레이시아 링깃,Maleisische ringgit,Ringgit malese
MZN,Metical,Metical,Metical Mozambiqueño,Metical,Metical,メティカル,莫桑比克梅蒂卡爾,모잠비크 메티칼,Mozambikaanse metical,Metical mozambicano
NAD,Namibia Dollar,Dollar Namibien,Dólar namibio,Namibia-Dollar,Dólar da Namíbia,ナミビア・ドル,納米比亞元,나미비아 달러,Namibische dollar,Dollaro namibiano
NGN,Naira,Naira,Naira Nigeriana,Naira,Naira,ナイラ,尼日利亞奈拉,나이지리아 나이라,Nigeriaanse naira,Naira nigeriana
NIO,Cordoba Oro,Cordoba Oro,Córdoba Nicaragüense,Córdoba,Cordoba Oro,コルドバ・オロ,尼加拉瓜科多巴,니카라과 코르도바,Nicaraguaanse Córdoba Oro,Cordoba nicaraguense
NLG,Netherlands guilder,Florin Néerlandais,Florín Neerlandés,Niederländischer Gulden,Florim,オランダ・ギルダー,荷蘭盾,네덜란드 휠던,Nederlandse gulden ,Fiorino olandese
NOK,Norwegian Krone,Couronne Norvégienne,Corona Noruega,Norwegische Krone,Coroa norueguesa,ノルウェー・クローネ,挪威克朗,노르웨이 크로네,Noorse kroon,Corona norvegese
NPR,Nepalese Rupee,Roupie du Népal,Rupia Nepalesa,Nepalesische Rupie,Rupia nepalesa,ネパール・ルピー,尼泊爾盧比,네팔 루피,Nepalese roepie,Rupia nepalese
NZD,New Zealand Dollar,Dollar Néo-Zélandais,Dólar Neozelandés,Neuseeländischer Dollar,Dólar da Nova Zelândia,ニュージーランド・ドル,紐西蘭元,뉴질랜드 달러,Nieuw-Zeelandse dollar,Dollaro neozelandese
OMR,Rial Omani,Rial Omani,Rial Omaní (de Omán),Rial Omani,Rial Omani,オマーン・リヤル,阿曼裡亞爾,오만 리알,Omaanse rial,Rial dell'Oman
PAB,Balboa,Balboa,Balboa Panameña,Balboa,Balboa,バルボア,巴拿馬巴波亞,파나마 발보아,Panamese balboa,Balboa panamense
PEN,Nuevo Sol,Nouveau Sol,Nuevo sol Peruano,Neuer Sol,Nuevo Sol,ヌエボ・ソル,秘魯新索爾,페루 누에보 솔,Nieuwe Peruviaanse sol,Nuevo sol peruviano
PGK,Kina,Kina,Kina de Papúa Nueva Guinea,Kina,Kina,キナ,巴布亞新幾內亞基那,파푸아 뉴기니 키나,Papoease kina,Kina papuana
PHP,Philippine Peso,Peso Philippin,Peso Filipino,Philippinischer Peso,Peso filipino,フィリピン・ペソ,菲律賓比索,필리핀 페소,Filipijnse peso,Peso filippino
PKR,Pakistan Rupee,Roupie du Pakistan,Rupia Pakistaní,Pakistanische Rupie,Rupia paquistanesa,パキスタン・ルピー,巴基斯坦盧比,파키스탄 루피,Pakistaanse roepie,Rupia pakistana
PLN,Zloty,Zloty,zloty Polaco,Zloty,Zloty,ズウォティ,波蘭茲羅提,폴란드 즈워티,Poolse zloty,Złoty polacco
PTE,Portuguese escudo,Escudo Portugais,Escudo Portugués,Escudo,Escudo,ポルトガル・エスクード,葡萄牙埃斯庫多,포르투갈 이스쿠두,Portugese escudo,Escudo portoghese
PYG,Guarani,Guarani,Guaraní Paraguayo,Guarani,Guarani,グアラニー,巴拉圭瓜拉尼,파라과이 과라니,Paraguayaanse guaraní,Guarani paraguaiano
QAR,Qatari Rial,Riyal du Qatar,Rial Qatarí,Katar-Riyal,Rial do Qatar,カタール・リヤル,卡塔爾裡亞爾,카타르 리얄,Qatarese rial,Rial del Qatar
RON,New Leu,Nouveau Leu,Leu Rumano,Rumänischer Leu,Novo Leu,新ルーマニア・レウ,羅馬尼亞列伊,루마니아 레우,Roemeense leu,Nuovo leu rumeno
RSD,Serbian Dinar,Dinar de Serbie,Dinar Serbio,Serbischer Dinar,Dinar Sérvio,セルビア・ディナール,塞爾維亞第納爾,세르비아 디나르,Servische dinar,Dinaro serbo
RUB,Russian Ruble,Rouble Russe,Rublo Ruso,Russischer Rubel,Rublo,ロシア・ルーブル,俄羅斯盧布,러시아 루블,Russische roebel,Rublo russo
RWF,Rwanda Franc,Franc du Rwanda,Franco Ruandés,Ruanda-Franc,Franco do Ruanda,ルワンダ・フラン,盧旺達法郎,르완다 프랑,Rwandese frank,Franco ruandese
SAR,Saudi Riyal,Riyal Saoudien,Riyal Saudí,Riyal,Riyal,サウディ・リヤル,沙特裡亞爾,사우디아라비아 리얄,Saoedi-Arabische riyal,Rial saudita
SBD,Solomon Islands Dollar,Dollar de Salomon,Dólar de las Islas Salomón,Salomonen-Dollar,Dólar das Ilhas Salomão,ソロモン諸島ドル,所羅門群島元,솔로몬 제도 달러,Salomon-dollar,Dollaro delle Salomone
SCR,Seychelles Rupee,Roupie des Seychelles,Rupia de Seychelles,Seychellen-Rupie,Rupia das Seychelles,セーシェル・ルピー,塞舌爾盧比,세이셸 루피,Seychelse roepie,Rupia delle Seychelles
SDD,Sudanese dinar,Dinar Soudanais ,Dinar Sudanesa,Sudanesischer Dinar,Dinar sudanês,スーダン・ディナール,蘇丹第納爾,수단 디나르,Soedanese dinar ,Dinaro sudanese
SDG,Sudanese Pound,Livre Soudanaise,Dinar Sudanés,Sudanesisches Pfund,Dinar sudanês,スーダン・ポンド,蘇丹第納爾,수단 파운드,Soedanees pond,Sterlina sudanese
SEK,Swedish Krona,Couronne Suédoise,Corona Sueca,Schwedische Krone,Coroa Sueca,スウェーデン・クローナ,瑞典克朗,스웨덴 크로나,Zweedse kroon,Corona svedese
SGD,Singapore Dollar,Dollar de Singapour,Dólar de Singapur,Singapur-Dollar,Dólar de Cingapura,シンガポール・ドル,新加坡元,싱가포르 달러,Singaporese dollar,Dollaro di Singapore
SHP,Saint Helena Pound,Livre de Sainte-Hélène,Libra de Santa Helena,St. Helena-Pfund,Libra de Santa Helena,セントヘレナ・ポンド,聖赫勒拿鎊,세인트헬레나 파운드,Sint-Heleens pond,Sterlina di Sant'Elena
SIT,Slovenian tolar,Tolar slovène,Tólar Esloveno,Tolar,Tolar,トラール,斯洛文尼亞托拉爾,슬로베니아 톨라르,Sloveense tolar,Tallero sloveno
SKK,Slovak koruna,Couronne Slovaque,Corona Eslovaca,Slowakische Krone,Coroa eslovaca,スロバキア・コルナ,斯洛伐克克朗,슬로바키아 코루나,Slowaakse kroon,Corona slovacca
SLL,Leone,Leone,Leone de Sierra Leona,Leone,Leone,レオン,塞拉利昂利昂,시에라리온 레온,Sierra Leoonse leone,Leone della Sierra Leone
SOS,Somali Shilling,Shilling de Somalie,Chelín Somalí,Somalia-Schilling,Xelim somali,ソマリア・シリング,索馬裡先令,소말리아 실링,Somalische shilling,Scellino somalo
SRD,Surinam Dollar,Dollar de Suriname,Dólar Surinamés,Suriname-Dollar,Dólar do Suriname,スリナム・ドル,蘇裡南元,수리남 달러,Surinaamse dollar,Dollaro surinamese
STD,Dobra,Dobra,Dobra de Santo Tomé y Príncipe,Dobra,Dobra,ドブラ,聖多美和普林西比多布拉,상투메 프린시페 도브라,Santomese dobra,Dobra di São Tomé e Príncipe
SVC,El Salvador Colon,Colon du El Salvador,El Salvador Colon,El-Salvador-Colón,Colon de El Salvador,サルバドール・コロン,薩爾瓦多科朗,엘살바도르 콜론,Salvadoraanse colon,Colón salvadoregno
SYP,Syrian Pound,Livre syrienne,Libra Siria,Syrisches Pfund,Libra da Síria,シリア・ポンド,敘利亞鎊,시리아 파운드,Syrisch pond,Lira siriana
SZL,Lilangeni,Lilangeni,Lilangeni Suazi (de Suazilandia),Lilangeni,Lilangeni,リランゲニ,斯威士蘭裡蘭吉尼,스와질란드 릴랑게니,Swazische lilangeni,Lilangeni dello Swaziland
THB,Baht,Baht,Baht Tailandés,Baht,Baht,バーツ,泰銖,타이 밧,Thaise baht,Baht thailandese
TJS,Somoni,Somoni,Somoni Tayik (de Tayikistán),Somoni,Somoni,ソモニ,塔吉克斯坦索莫尼,타지키스탄 소모니,Tadzjiekse somoni,Somoni tagico
TMT,Manat,Manat,Manat Turcomano,Turkmenistan-Manat,Manat turcomano,トルクメニスタン・マナト,土庫曼斯坦馬納特,투르크메니스탄 마나트,Turkmeense manat,Manat turkmeno
TND,Tunisian Dinar,Dinar Tunisien,Dinar Tunecino,Tunesischer Dinar,Dinar tunisino,チュニジア・ディナール,突尼西亞第納爾,튀니지 디나르,Tunesische dinar,Dinaro tunisino
TOP,Pa'anga,Pa'anga,Pa'anga Tongano,Pa’anga,Pa'anga,パ・アンガ,湯加潘加,통가 파앙가,Tongaanse pa'anga,Paʻanga tongano
TRY,Turkish Lira,Nouvelle Livre,Lira Turca,Türkische Lira,Nova Lira turca,新トルコリラ,新土耳其里拉,터키 리라,Nieuwe Turkse lira,Nuova lira turca
TTD,Trinidad and Tobago Dollar,Dollar de la Trinité et de Tobago,Dólar de Trinidad y Tobago,Trinidad-und-Tobago-Dollar,Dólar de Trindade e Tobago,トリニダード・トバゴ・ドル,千里達及托巴哥元,트리니다드 토바고 달러,Trinidad en Tobagodollar,Dollaro di Trinidad e Tobago
TWD,New Taiwan Dollar,Nouveau dollar de Taïwan,Dólar Taiwanés,Neuer Taiwan-Dollar,Novo Dólar de Taiwan,ニュー台湾ドル,新臺幣元,신 타이완 달러,Nieuwe Taiwanese dollar,Nuovo dollaro taiwanese
TZS,Tanzanian Shilling,Shilling de Tanzanie,Chelín Tanzano,Tansania-Schilling,Xelim da Tanzânia,タンザニア・シリング,坦桑尼亞先令,탄자니아 실링,Tanzaniaanse shilling,Scellino tanzaniano
UAH,Hryvnia,Hryvnia,Hryvnia Ucraniana,Griwna,Hryvnia,フリヴニャ,烏克蘭赫裡夫尼亞,우크라이나 흐리브냐,Oekraïense grivna,Grivnia ucraina
UGX,Uganda Shilling,Nouveau Shilling Ougandais,Chelín Ugandés,Uganda-Schilling,Xelim do Uganda,ウガンダ・シリング,烏干達先令,우간다 실링,Oegandese shilling,Scellino ugandese
USD,US Dollar,Dollar des États-Unis,Dólar Estadounidense,US-Dollar,Dólar Americano,アメリカ合衆国ドル,美元,미국 달러,Amerikaanse dollar,Dollaro statunitense
USN,,Dollar des États-Unis (Lendemain),Dólar Estadounidense (Siguiente día) ,US Dollar (Next day),United States dollar (next day) ,US Dollar (Next day),美元（次日）（資金）,,Amerikaanse dollar (Next day) (aandelen),Dollaro statunitense (Next day) (codice per i fondi)
USS,,Dollar des États-Unis (Même jour),Dólar Estadounidense (Mismo día) ,US Dollar (Same day),United States dollar (same day) ,US Dollar (Same day),美元（當日）（資金）,,Amerikaanse dollar (Same day) (aandelen),Dollaro statunitense (Same day) (codice per i fondi)
UYI,,Uruguay Peso,Uruguay Peso,Uruguay Peso,Uruguay Peso,Uruguay Peso,烏拉圭Uruguay Peso,,Uruguay Peso,Uruguay Peso
UYU,Peso Uruguayo,Peso Uruguayo,Peso Uruguayo,Uruguayischer Peso,Peso Uruguaio,ウルグアイ・ペソ,烏拉圭比索,우루과이 페소,Uruguayaanse peso,Peso uruguaiano
UZS,Uzbekistan Sum,Soum d'Ouzbékistan,Sum Uzbeco,Usbekistan Sum,Som Uzbeque,スム,烏茲別克斯坦蘇姆,우즈베키스탄 솜,Oezbeekse sum,Som uzbeco
VEB,Venezuelan bolivar,Venezuela: Bolivar,Venezuela: Bolívar,Venezuela: Bolivar,Venezuela: bolívar,ボリバル,委內瑞拉玻利瓦爾,베네수엘라 볼리바르,Venezolaanse bolivar ,Bolívar venezuelano
VEF,,Bolivar Fuerte,Bolívar Fuerte Venezolano,Bolivar fuerte,Venezuelan bolívar fuerte,Bolivar Fuerte,委內瑞拉强势玻利瓦爾,,Venezolaanse bolivar,Bolivar venezuelano
VND,Dong,Dong,Dong Vietnamita,Dong,Dong,ドン,越南盾,베트남 동,Vietnamese dong,Đồng vietnamita
VUV,Vatu,Vatu,Vatu Vanuatense,Vatu,Vatu,バツ,瓦努阿圖瓦圖,바누아투 바투,Vanuatuaanse vatu,Vatu di Vanuatu
WST,Tala,Tala,Tala Samoana,Tala,Tala,サモア・タラ,薩摩亞塔拉,사모아 탈라,Samoaanse tala,Tala samoano
XAF,CFA Franc BEAC ‡,Franc CFA - BEAC‡,Franco CFA,CFA-Franc (BEAC),Franco CFA BEAC,CFAフラン,中非金融合作法郎,CFA 프랑,CFA-frank BEAC,Franco CFA BEAC
XAG,Silver,Argent,Onza de Plata,Feinunze Silber (Ag),Prata,銀,銀,은,Zilver,Argento
XAU,Gold,Or,Onza de Oro,Feinunze Gold (Au),Ouro,金,金,금,Goud,Oro
XBA,Bond Markets Units European Composite Unit (EURCO),Unité Européenne Composée (EURCO),European Composite Unit (EURCO),Bond Markets Units European Composite Unit (EURCO),European Composite Unit (EURCO),,歐洲復合單位(EURCO),,European Composite Unit (EURCO),Unità Composita Europea
XBB,European Monetary Unit (E.M.U.-6),Unité Monétaire Européenne (U.M.E.-6 monnaie),European Monetary Unit (E.M.U.-6),European Monetary Unit (E.M.U.-6),European Monetary Unit (E.M.U.-6),,歐洲貨幣聯盟 (E.M.U.-6),,European Monetary Unit (E.M.U.-6),Unità Monetaria Europea
XBC,European Unit of Account 9(E.U.A.-9),Unité de Compte 9 (U.E.C.-9 monnaie),European Unit of Account 9 (E.U.A.-9),European Unit of Account 9 (E.U.A.-9),European Unit of Account 9 (E.U.A.-9),,9號帳戶的歐洲單位,,European Unit of Account 9 (E.U.A.-9),Unità di acconto Europea 9
XBD,European Unit of Account 17(E.U.A.-17),Unité de Compte 17(U.E.C.-17 monnaie),European Unit of Account 17 (E.U.A.-17),European Unit of Account 17 (E.U.A.-17),European Unit of Account 17 (E.U.A.-17),,17號帳戶的歐洲單位,,European Unit of Account 17 (E.U.A.-17),Unità di acconto Europea 17
XCD,East Caribbean Dollar,Dollar des Caraïbes orientales,Dólar del Caribe Oriental,Ostkaribischer Dollar,Dólar das Caraíbas Orientais,東カリブ・ドル,東加勒比元,동카리브 달러,Oost-Caribische dollar,Dollaro dei Caraibi Orientali
XDR,SDR,Droit de Tirage Spécial (D.T.S.),Special Drawing Rights (FMI),Sonderziehungsrecht,Special Drawing Rights,特別引出権,特別提款權,특별 인출권,Speciale trekkingsrechten (IMF),Diritti Speciali di Prelievo
XFU,UIC-Franc,Franc UIC,Franco UIC,UIC-Franc,UIC franc,欧州通貨単位 (ECU),UIC-法郎,UIC franc,UIC-frank,Franco UIC (valuta speciale)
XOF,CFA Franc BCEAO †,Franc CFA - BCEAO †,Franco CFA Occidental,CFA-Franc (BCEAO),Franco CFA BCEAO,CFAフラン,非洲金融共同體法郎,CFA 프랑,CFA-frank BCEAO,Franco CFA BCEAO
XPD,Palladium,Palladium,Onza de Paladio,Feinunze Palladium,Paládio,パラジウム,鈀,팔라듐,Palladium,Palladio
XPF,CFP Franc,Franc CFP,Franco CFP,CFP-Franc,Franco CFP,CFPフラン,太平洋法郎,CFP 프랑,CFP-frank,Franco CFP
XPT,Platinum,Platine,Onza de Platino,Feinunze Platin,Platina,プラチナ,鉑,백금,Platina,Platino
YER,Yemeni Rial,Riyal du Yémen,Rial Yemení (de Yemen),Jemen-Rial,Rial do Iémene,イエメン・リアル,也門裡亞爾,예멘 리알,Jemenitische rial,Rial yemenita
ZAR,Rand,Rand,Rand Sudafricano,Rand,Rand,ランド,南非蘭特,남아프리카 공화국 랜드,Zuid-Afrikaanse rand,Rand sudafricano
ZMK,Zambian Kwacha,Kwacha de Zambie,Kwacha Zambiano,Sambischer Kwacha,Kwacha,ザンビア・クワチャ,贊比亞克瓦查,잠비아 콰차,Zambiaanse kwacha,Kwacha zambiano
ZWD,Zimbabwean dollar,Dollar du Zimbabwe,Zimbabue: Nuevo Dólar,Simbabwe-Dollar,Zimbabwe dollar,ジンバブエ・ドル,津巴布韋元,짐바브웨 달러,Zimbabwaanse dollar,Dollaro zimbabwiano
ZWL,Zimbabwe Dollar,Dollar du Zimbabwe,Dólar Zimbabuense,Simbabwe-Dollar,Zimbabwe dollar,ジンバブエ・ドル,辛巴威羅得西亞元,짐바브웨 달러,Zimbabwaanse dollar,Dollaro zimbabwiano
